ion_type,Family,FullName,ShortName,Match,row_count
anion,amino_acid,L-serinate,LSNT,serinate,134
anion,amino_acid,glycinate,AMOE,glycinate,132
anion,amino_acid,L-alaninate,LANT,alaninate,118
anion,amino_acid,L-prolinate,LPNE,prolinate,103
anion,amino_acid,DL-threoninate,LTNT,threoninate,54
anion,amino_acid,L-threoninate,LTNT,threoninate,37
anion,amino_acid,threonine,LTNT,threonine,36
anion,amino_acid,DL-glutamate,ACBT,glutamate,32
anion,amino_acid,taurate,AMTS,taurate,32
anion,amino_acid,taurinate,AMTS,taurinate,26
anion,amino_acid,L-lysinate,LLST,lysinate,25
anion,amino_acid,L-asparaginate,LAGE,asparaginate,23
anion,amino_acid,L-valinate,DYDL,valinate,23
anion,amino_acid,glycine,AMOE,glycine,20
anion,amino_acid,DL-alaninate,LANT,alaninate,18
anion,amino_acid,aspartate,SACE,aspartate,14
anion,amino_acid,L-cysteinate,LCNT,cysteinate,10
anion,amino_acid,L-leucinate,LLNE,leucinate,7
anion,amino_acid,L-phenylalaninate,PHLT,alaninate,3
anion,amino_acid,L-argininate,LGTE,argininate,2
anion,amino_acid,L-histidinate,LHTD,histidinate,2
anion,amino_acid,3-(2-naphthyl)-L-alaninate,NPLA,alaninate,1
anion,amino_acid,L-glutamate,ACBT,glutamate,1
anion,amino_acid,L-isoleucinate,LILC,leucinate,1
anion,amino_acid,L-methioninate,LMTN,methioninate,1
anion,amino_acid,L-tryptophanate,LTTP,tryptophanate,1
anion,amino_acid,L-tyrosinate,LTRS,tyrosinate,1
anion,amino_acid,N-(carboxymethyl)glycinate,NCGE,glycinate,1
anion,carbonate,hydrogen carbonate,HNCT,carbonate,49
anion,carboxylate,acetate,ACTE,acetate,1036
anion,carboxylate,formate,FOMT,formate,625
anion,carboxylate,trifluoroacetate,TFAT,acetate,371
anion,carboxylate,butanoate,BUTE,butanoate,368
anion,carboxylate,propionate,PRPA,propionate,325
anion,carboxylate,pentanoate,PETA,pentanoate,289
anion,carboxylate,isobutyrate,ISBT,butyrate,244
anion,carboxylate,hexanoate,HENT,hexanoate,109
anion,carboxylate,phenolate,PHTE,phenolate,105
anion,carboxylate,(S)-2-hydroxypropanoate,LATE,propanoate,104
anion,carboxylate,octanoate,OCNT,octanoate,92
anion,carboxylate,(S)-2-amino-4-carboxybutanoate,ACBT,butanoate,89
anion,carboxylate,lactate,LATE,lactate,89
anion,carboxylate,oleate,OLTE,oleate,72
anion,carboxylate,propanoate,PRPA,propanoate,67
anion,carboxylate,decanoate,DETE,decanoate,66
anion,carboxylate,butyrate,BUTE,butyrate,58
anion,carboxylate,3-sulfobenzoate,SLBE,benzoate,39
anion,carboxylate,2-(bis(2-ethylhexyl)amino)-2-oxoacetate,BOOE,acetate,38
anion,carboxylate,nonafluoropentanoate,NFPT,pentanoate,38
anion,carboxylate,perfluoropentanoate,NFPT,pentanoate,34
anion,carboxylate,salicylate,SATE,salicylate,29
anion,carboxylate,ammonioacetate,AMOE,acetate,28
anion,carboxylate,(S)-2-amino-3-carboxypropanoate,ACBP,propanoate,23
anion,carboxylate,acetylacetonate,ALTE,acetylacetonate,23
anion,carboxylate,2-(2-(dioctylamino)-2-oxoethoxy)acetate,DOOE,acetate,19
anion,carboxylate,glycolate,GLTE,glycolate,19
anion,carboxylate,L-lactate,HYPE,lactate,18
anion,carboxylate,benzoate,BNZE,benzoate,17
anion,carboxylate,4-ethyloctanoate,ELTA,octanoate,15
anion,carboxylate,"2,2,2-trifluoroacetate",TFAT,acetate,8
anion,carboxylate,2-methoxy-2-oxoacetate,MYOE,acetate,5
anion,carboxylate,"2,2-dimethylpropanoate",DYLE,propanoate,4
anion,carboxylate,2-methylpropanoate,ISBT,propanoate,4
anion,carboxylate,imidazole-2-carboxylate,IECE,carboxylate,4
anion,carboxylate,"2,2,3,3,4,4,5,5,5-nonafluoropentanoate",NFPT,pentanoate,3
anion,carboxylate,4-oxopentanoate,OPTE,pentanoate,3
anion,carboxylate,heptadecanoate,HPDT,decanoate,3
anion,carboxylate,undecanoate,UNTE,decanoate,3
anion,carboxylate,"2,2'-azanediyldiacetate",ALDE,acetate,1
anion,carboxylate,4-amino-4-oxobutanoate,AOOE,butanoate,1
anion,carboxylate,glycollate,GLTE,glycollate,1
anion,carboxylate,heptafluorobutanoate,HFBE,butanoate,1
anion,carboxylate,hexadecanoate,HXOE,decanoate,1
anion,carboxylate,imidazole-2-carboxylate(1:2),IECE,carboxylate,1
anion,cyanamide_cyanocarbon,dicyanamide,DICA,dicyanamide,1894
anion,cyanamide_cyanocarbon,tricyanomethanide,TYAE,tricyanomethanide,638
anion,cyanamide_cyanocarbon,thiocyanate,TOCE,thiocyanate,500
anion,cyanamide_cyanocarbon,tricyanomethane,TYAE,tricyanomethane,233
anion,cyanamide_cyanocarbon,bis(dicyanamide),DICA,dicyanamide,103
anion,cyanamide_cyanocarbon,cyanocyanamide,DICA,cyanocyanamide,32
anion,cyanamide_cyanocarbon,dicyanoazanide,DICA,dica,16
anion,cyanamide_cyanocarbon,dicyanamine,DICA,dica,7
anion,fluoroborate,tetrafluoroborate,TEFB,tetrafluoroborate,2989
anion,fluoroborate,tetracyanoborate,TCBE,tetracyanoborate,255
anion,fluoroborate,bis(oxalato)borate,BOBE,bis(oxalato)borate,105
anion,fluoroborate,phenyltrifluoroborate,PHFB,trifluoroborate,82
anion,fluoroborate,difluoromono(oxalato)borate,DMOB,borate,36
anion,fluoroborate,(3-cyanophenyl)trifluoroborate,CATB,trifluoroborate,35
anion,fluoroborate,(4-cyanophenyl)trifluoroborate,CNTE,trifluoroborate,35
anion,fluoroborate,trifluoro(3-(trifluoromethyl)phenyl)borate,TILE,borate,35
anion,fluoroborate,trifluoro(3-methoxyphenyl)borate,TMTB,borate,35
anion,fluoroborate,trifluoro(4-(trifluoromethyl)phenyl)borate,TTPB,borate,35
anion,fluoroborate,trifluoro(2-fluorophenyl)borate,TLPB,borate,34
anion,fluoroborate,trifluoro(2-methoxyphenyl)borate,TMET,borate,34
anion,fluoroborate,trifluoro(4-fluorophenyl)borate,TFOB,borate,34
anion,fluoroborate,trifluoro(4-methoxyphenyl)borate,TMHB,borate,34
anion,fluoroborate,trifluoro(3-fluorophenyl)borate,TUPE,borate,33
anion,fluoroborate,difluorobis(trifluoroacetato)borate,DTAB,borate,27
anion,fluoroborate,difluoromono(malonato)borate,DOMB,borate,27
anion,fluoroborate,diacetoxydifluoroborate,DTDB,borate,24
anion,fluoroborate,"difluorobis(2,2,2-trifluoroacetoxy)borate",DTAB,borate,15
anion,fluoroborate,trifluoro(perfluoroethyl)borate,TPLB,borate,4
anion,fluoroborate,trifluoro(perfluoropropyl)borate,TPRB,borate,4
anion,fluoroborate,trifluoro(perfluorobutyl)borate,TFPB,borate,3
anion,fluoroborate,trifluoro(trifluoromethyl)borate,TTOB,borate,3
anion,fluorophosphate,hexafluorophosphate,HXPE,hexafluorophosphate,3534
anion,fluorophosphate,tris(pentafluoroethyl)trifluorophosphate,TPPS,tris(pentafluoroethyl)trifluorophosphate,951
anion,fluorophosphate,trifluorotris(perfluoroethyl)phosphate(V),TPPS,trifluorotris,96
anion,fluorophosphate,hexafluorophosphate(V),HXPE,hexafluorophosphate,77
anion,fluorophosphate,tris(perfluoroethyl)trifluorophosphate,TPPS,tpps,41
anion,fluorophosphate,trifluorotris(perfluoroethyl)phosphate,TPPS,trifluorotris,31
anion,halide,bromide,BRDE,bromide,1205
anion,halide,chloride,CHDE,chloride,979
anion,halide,iodide,IODE,iodide,473
anion,halide,galliumtetrachloride,CHDE,chloride,30
anion,halide,dibromide,BRDE,bromide,1
anion,halometalate,heptachlorodialuminate,HTDE,dialuminate,23
anion,halometalate,tetrachloroaluminate,TTLL,chloroaluminate,7
anion,heterocyclic,saccharinate,SCHE,saccharinate,259
anion,heterocyclic,4-nitropyrazolide,NPZD,pyrazolide,209
anion,heterocyclic,2-methyl-5-nitroimidazolide,MLNZ,imidazolide,70
anion,heterocyclic,"1,2,3-triazolide",TRDE,triazolide,64
anion,heterocyclic,4-nitroimidazolide,NIMD,imidazolide,44
anion,heterocyclic,tetrazolide,TEZE,tetrazolide,42
anion,heterocyclic,2-(cyano)pyrrolide,CYPE,pyrrolide,37
anion,heterocyclic,"1,2,4-triazolide",TRAE,triazolide,25
anion,heterocyclic,"4,5-dichloroimidazolide",DLMD,imidazolide,17
anion,heterocyclic,"4,5-dicyanoimidazolide",DOIE,imidazolide,17
anion,heterocyclic,3-chloroindazolide,CLZE,indazolide,6
anion,heterocyclic,4-bromo-3-methylpyrazolide,BOME,pyrazolide,6
anion,heterocyclic,4-bromoimidazolide,BMME,imidazolide,6
anion,heterocyclic,4-bromoindazolide,BMDE,indazolide,6
anion,heterocyclic,5-bromoindazolide,BODE,indazolide,6
anion,heterocyclic,6-bromoindazolide,BMIE,indazolide,6
anion,heterocyclic,6-cyanoindazolide,CIZE,indazolide,6
anion,heterocyclic,"6-methyl-4-oxo-4H-1,2,3-oxathiazin-3-ide",MHOE,oxathiazin,5
anion,nitrate,nitrate,NITE,nitrate,401
anion,other_anion,heptadecafluorononanoate,HCNT,fallback,39
anion,other_anion,hexafluoroantimonate,,fallback,36
anion,other_anion,"1,3-dioxo-1,3-diphenylpropan-2-ide",DDLE,fallback,23
anion,other_anion,"4,4-dimethyl-2,6-dioxocyclohexan-1-ide",DDLN,fallback,23
anion,other_anion,"1,3-dioxo-2,3-dihydro-1H-inden-2-ide",DDHI,fallback,22
anion,other_anion,azide,AZDE,fallback,15
anion,other_anion,ibuprofenate,IPFE,fallback,4
anion,other_anion,L-glutaminate,LGTN,fallback,1
anion,other_anion,heptafluorobutanate,HFBE,fallback,1
anion,perchlorate,perchlorate,PETE,perchlorate,28
anion,phosphate_phosphinate,diethyl phosphate,DTPP,phosphate,149
anion,phosphate_phosphinate,dimethylphosphate,DLPE,phosphate,135
anion,phosphate_phosphinate,dihydrogen phosphate,DNPE,phosphate,98
anion,phosphate_phosphinate,"bis(2,4,4-trimethylpentyl)phosphinate",TPLP,phosphinate,83
anion,phosphate_phosphinate,methyl phosphonate,MLPE,phosphonate,60
anion,phosphate_phosphinate,trihydrogen diphosphate,TNDE,phosphate,14
anion,phosphate_phosphinate,dibutylphosphate,DYPE,phosphate,8
anion,sulfate_sulfonate,trifluoromethanesulfonate,TMSN,sulfonate,1332
anion,sulfate_sulfonate,ethyl sulfate,ELSE,sulfate,1025
anion,sulfate_sulfonate,methyl sulfate,MEST,sulfate,565
anion,sulfate_sulfonate,hydrogen sulfate,HNSE,sulfate,334
anion,sulfate_sulfonate,methanesulfonate,MEFE,sulfonate,288
anion,sulfate_sulfonate,octyl sulfate,OLST,sulfate,216
anion,sulfate_sulfonate,4-methylbenzenesulfonate,MBZS,sulfonate,100
anion,sulfate_sulfonate,hexyl sulfate,HXSE,sulfate,96
anion,sulfate_sulfonate,butyl sulfate,BLSE,sulfate,86
anion,sulfate_sulfonate,2-acrylamido-2-methylpropanesulfonate,CESE,sulfonate,64
anion,sulfate_sulfonate,2-(2-methoxyethoxy) ethylsulfate,MEES,sulfate,53
anion,sulfate_sulfonate,"4-sulfonatooxy-2,2,6,6-tetramethylpiperidine-1-yloxyl",STLY,sulfonatooxy,50
anion,sulfate_sulfonate,heptadecafluorooctanesulfonate,HFTF,sulfonate,44
anion,sulfate_sulfonate,p-toluenesulfonate,MBZS,sulfonate,43
anion,sulfate_sulfonate,dodecyl sulfate,DLSE,sulfate,42
anion,sulfate_sulfonate,nonafluorobutanesulfonate,PBSF,sulfonate,40
anion,sulfate_sulfonate,benzenesulfonate,DBZN,sulfonate,39
anion,sulfate_sulfonate,"1,1,2,2-tetrafluoroethane-1-sulfonate",TESE,sulfonate,36
anion,sulfate_sulfonate,"1,4-bis((2-ethylhexyl)oxy)-1,4-dioxobutane-2-sulfonate",DOTE,sulfonate,29
anion,sulfate_sulfonate,decyl sulfate,DEUE,sulfate,28
anion,sulfate_sulfonate,"1,1,2,2-tetrafluoroethanesulfonate",TESE,sulfonate,24
anion,sulfate_sulfonate,2-hydroxy-3-morpholinopropanesulfonate,HMPS,sulfonate,24
anion,sulfate_sulfonate,3-(cyclohexylamino)-2-hydroxypropanesulfonate,CHPS,sulfonate,24
anion,sulfate_sulfonate,2-(bis(2-hydroxyethyl)amino)ethanesulfonate,BHAE,sulfonate,23
anion,sulfate_sulfonate,1-butanesulfonate,BESE,sulfonate,20
anion,sulfate_sulfonate,4-dodecylbenzenesulfonate,DBSE,sulfonate,19
anion,sulfate_sulfonate,2-aminoethane-1-sulfonate,AMTS,sulfonate,18
anion,sulfate_sulfonate,2-aminoethanesulfonate,AMTS,sulfonate,18
anion,sulfate_sulfonate,nonafluoro-1-butanesulfonate,PBSF,sulfonate,16
anion,sulfate_sulfonate,2-dodecylbenzenesulfonate,DBZN,sulfonate,15
anion,sulfate_sulfonate,hydrogensulfate,HNSE,sulfate,15
anion,sulfate_sulfonate,triflate,TMSN,tmsn,15
anion,sulfate_sulfonate,"1,1,2,2,3,3,4,4,4-nonafluorobutane-1-sulfonate",PBSF,sulfonate,14
anion,sulfate_sulfonate,perfluorobutanesulfonate,PBSF,sulfonate,14
anion,sulfate_sulfonate,"1,1,1-trifluoromethanesulfonate",TMSN,sulfonate,13
anion,sulfate_sulfonate,methoxyethylsulfate,MYSE,sulfate,13
anion,sulfate_sulfonate,"1,1,2-trifluoro-2-(perfluoroethoxy)ethanesulfonate",TPES,sulfonate,12
anion,sulfate_sulfonate,"1,1,2-trifluoro-2-(trifluoromethoxy)ethanesulfonate",TRES,sulfonate,12
anion,sulfate_sulfonate,ethoxyethylsulfate,EOTL,sulfate,12
anion,sulfate_sulfonate,"1,5-bis(hexyloxy)-3-((hexyloxy)carbonyl)-1,5-dioxopentane-2-sulfonate",BHDS,sulfonate,9
anion,sulfate_sulfonate,trifluoromethansulfate,TMSN,sulfate,9
anion,sulfate_sulfonate,2-(2-ethoxyethoxy)ethylsulfate,EYEE,sulfate,8
anion,sulfate_sulfonate,2-acrylamido-2-methylpropane-1-sulfonate,CESE,sulfonate,8
anion,sulfate_sulfonate,tosylate,MBZS,tosylate,7
anion,sulfate_sulfonate,docusate,DOTE,docusate,6
anion,sulfate_sulfonate,"2-(1,2,2,2-tetrafluoroethoxy)-1,1,2,2-tetrafluoroethanesulfonate",TTFF,sulfonate,4
anion,sulfate_sulfonate,mesylate,MEFE,mefe,2
anion,tfsamide,bis[(trifluoromethyl)sulfonyl]imide,BRSI,bis[(trifluoromethyl)sulfonyl]imide,5428
anion,tfsamide,bis((trifluoromethyl)sulfonyl)amide,BRSI,bis((trifluoromethyl)sulfonyl)amide,3042
anion,tfsamide,"1,1,1-trifluoro-N-[(trifluoromethyl)sulfonyl]methanesulfonamide",BRSI,trifluoro-n-[(trifluoromethyl)sulfonyl]methanesulfonamide,508
anion,tfsamide,bis(trifluoromethanesulfonyl)amide,BRSI,bis(trifluoromethanesulfonyl)amide,483
anion,tfsamide,bis[(trifluoromethane)sulfonyl]imide,BRSI,sulfonyl]imide,242
anion,tfsamide,bis(fluorosulfonyl)amide,BFSA,sulfonyl)amide,213
anion,tfsamide,bis(perfluoroethylsulfonyl)imide,BPSI,sulfonyl)imide,102
anion,tfsamide,bis(fluorosulfonyl)imide,BFSA,sulfonyl)imide,98
anion,tfsamide,bis(trifluromethylsulfonyl)imide,BRSI,sulfonyl)imide,82
anion,tfsamide,bis(trifluoromethylsulfonyl)imid,BRSI,brsi,79
anion,tfsamide,bis{(trifluomethyl)sulfonyl}imide,BTSI,bis{(trifluomethyl)sulfonyl}imide,75
anion,tfsamide,"1,1,2,2,2-pentafluoro-N-[(pentafluoroethyl)sulfonyl]ethanesulfonamide",BPSI,sulfonamide,46
anion,tfsamide,bis(pentafluoroethylsulfonyl)imide,BPSI,sulfonyl)imide,32
anion,tfsamide,tris[(trifluoromethyl)sulfonyl]methide,TTSM,sulfonyl]methide,16
anion,tfsamide,bis(perfluorobutylsulfonyl)amide,BPLA,sulfonyl)amide,15
anion,tfsamide,bis(nonafluorobutanesulfonyl)imide,BPLA,sulfonyl)imide,14
anion,tfsamide,bis(trifluoromethylsulfonyl),BRSI,brsi,13
anion,tfsamide,pentafluoropropanoyl(trifluoromethylsulfonyl)amide,PTSA,sulfonyl)amide,10
anion,tfsamide,"1,1,2,2,2-pentafluoro-N-[(1,1,2,2,2-pentafluoroethyl)sulfonyl]ethanesulfonamide",BPSI,sulfonamide,8
anion,tfsamide,"1,1,2,2,2-pentafluoro-N-[(1,1,2,2,2-pentafluoroethyl)sulfonyl]ethanesulfonimidate",BPSI,sulfonimidate,3
anion,tfsamide,((perfluorobutyl)sulfonyl)((trifluoromethyl)sulfonyl)amide,PSTA,sulfonyl)amide,2
anion,tfsamide,bis((perfluoroethyl)sulfonyl)amide,BPSI,sulfonyl)amide,2
cation,ammonium,2-hydroxy-N-methylethanaminium,HNMA,aminium,1080
cation,ammonium,N-methyl-2-hydroxyethylammonium,HNMA,ammonium,585
cation,ammonium,butyltrimethylammonium,BTLA,ammonium,276
cation,ammonium,diethanolammonium,BHAM,ammonium,259
cation,ammonium,ethylammonium,ETAM,ammonium,174
cation,ammonium,triethylhexylammonium,TYHA,ammonium,124
cation,ammonium,methyltrioctylammonium,MTYM,ammonium,109
cation,ammonium,"N-ethyl-N,N-dimethyl-2-methoxyethylammonium",NDMA,ammonium,91
cation,ammonium,triethyloctylammonium,TYAM,ammonium,88
cation,ammonium,"N-(2-hydroxyethyl)-N,N-dimethyl-1-propanaminium",NHDP,aminium,87
cation,ammonium,ethyl(2-hydroxyethyl)dimethylammonium,EHDA,ammonium,85
cation,ammonium,"N-butyl-N,N-dimethyl-N-ethylammonium",NBDE,ammonium,83
cation,ammonium,"N,N,N-triethyldodecan-1-aminium",NTYM,aminium,77
cation,ammonium,"N-3-hydroxypropyl-N,N-dimethyl-N-ethylammonium",NHDE,ammonium,76
cation,ammonium,"N-butyl-N,N,N-tris(2-hydroxyethyl)ammonium",BTHA,ammonium,76
cation,ammonium,"N-ethyl-N,N,N-tris(2-hydroxyethyl)ammonium",ETHA,ammonium,76
cation,ammonium,"N-ethyl-N-methyl-N,N-bis(2-hydroxyethyl)ammonium",EMHA,ammonium,76
cation,ammonium,"N-methyl-N,N,N-tris(2-hydroxyethyl)ammonium",MTHA,ammonium,76
cation,ammonium,"N-(2-hydroxyethyl)-N,N-dimethylpentanaminium",NHDA,aminium,75
cation,ammonium,"N-butyl-N,N-dimethyl-N-(2-hydroxyethyl)ammonium",BDHA,ammonium,75
cation,ammonium,"N,N,N-triethyl-1-decanaminium",NTDA,aminium,67
cation,ammonium,tetraoctylammonium,TOYA,ammonium,66
cation,ammonium,tetrabutylammonium,TEBA,ammonium,64
cation,ammonium,triethylammonium,TTLA,ammonium,60
cation,ammonium,propylammonium,PRAM,ammonium,59
cation,ammonium,butylammonium,BUAM,ammonium,55
cation,ammonium,n-butylammonium,BUAM,ammonium,53
cation,ammonium,tributylmethylammonium,DMBA,ammonium,52
cation,ammonium,"N,N,N-trimethylpropanaminium",NTPA,aminium,50
cation,ammonium,"N-(2-hydroxyethyl)-N,N-dimethylpropanaminium",NHDP,aminium,48
cation,ammonium,"N-ethyl-N,N-dimethylprop-2-en-1-aminium",EDEA,aminium,48
cation,ammonium,triethylpentylammonium,TPAM,ammonium,47
cation,ammonium,2-hydroxyethylammonium,HYTA,ammonium,38
cation,ammonium,diethylammonium,DHAM,ammonium,38
cation,ammonium,triethylheptylammonium,THAM,ammonium,38
cation,ammonium,tetraethylammonium,TTYA,ammonium,37
cation,ammonium,tributylammonium,TBLM,ammonium,37
cation,ammonium,trihexylammonium,TRXA,ammonium,35
cation,ammonium,trioctylammonium,TRAM,ammonium,33
cation,ammonium,"N-ethyl-N,N-dimethyl-1-propanaminium",NEDP,aminium,32
cation,ammonium,hexyltrimethylammonium,HEYA,ammonium,29
cation,ammonium,diethylmethylammonium,DELA,ammonium,28
cation,ammonium,"N,N-dibutyl-N-methyl-1-butanaminium",DMBA,aminium,27
cation,ammonium,"N,N,N-triethyltetradecan-1-aminium",NTAM,aminium,26
cation,ammonium,"N,N-diethyl-N-methylbutan-1-aminium",NDBA,aminium,25
cation,ammonium,benzyldimethyldodecylammonium,BDDA,ammonium,25
cation,ammonium,tetrahexylammonium,TELA,ammonium,24
cation,ammonium,"N,N,N-triethyloctanaminium",TYAM,aminium,23
cation,ammonium,"N,N,N-triethyl-2-methoxyethan-1-aminium",NTMA,aminium,22
cation,ammonium,"N,N-dimethyl-N-propyl-1-butanaminium",NDPB,aminium,22
cation,ammonium,"N-ethyl-2-hydroxy-N,N-dimethylethanaminium",EHDA,aminium,20
cation,ammonium,"N-(2-hydroxyethyl)-N,N-dimethylbutanaminium",BDHA,aminium,19
cation,ammonium,N-hexylethylenediammonium,NHLA,ammonium,19
cation,ammonium,"N,N,N-Trimethyl-1-decanaminium",NTDM,aminium,18
cation,ammonium,"N-methyl-N,N-dioctyl-1-octanaminium",MTYM,aminium,18
cation,ammonium,"N-ethyl-N-(2-hydroxyethyl)-N,N-dimethylammonium",NEHD,ammonium,17
cation,ammonium,trimethyloctylammonium,TRLA,ammonium,17
cation,ammonium,"N,N-diethyl-N-methyl-N-propylammonium",DMAM,ammonium,16
cation,ammonium,N-octylethylenediammonium,NODA,ammonium,16
cation,ammonium,tris(2-hydroxyethyl)methylammonium,MTHA,ammonium,15
cation,ammonium,"2-hydroxy-N,N,N-trimethylethanaminium",HNTA,aminium,14
cation,ammonium,"N,N-diethylpropan-1-aminium",DEPA,aminium,13
cation,ammonium,"N,N-dimethyl-N-ethyl-N-pentylammonium",NNDP,ammonium,13
cation,ammonium,"N,N-dimethylpropan-1-aminium",NDPA,aminium,13
cation,ammonium,N-(2-ethylhexyl)ethylenediammonium,NEED,ammonium,13
cation,ammonium,"N-(2-hydroxyethyl)-N,N-dimethylhexan-1-aminium",NNNM,aminium,13
cation,ammonium,"N-ethyl-N,N-dimethylheptanaminium",EDMA,aminium,13
cation,ammonium,"N1-(2-ethylhexyl)ethane-1,2-diamine",NEED,diamine,13
cation,ammonium,N-methyl-N-propylpropan-1-aminium,NMPA,aminium,12
cation,ammonium,trimethylammonium,TIAM,ammonium,12
cation,ammonium,"N-methyl-N,N,N-trioctylammonium",MTYM,ammonium,11
cation,ammonium,(2-hydroxyethyl)dimethylammonium,HDLM,ammonium,10
cation,ammonium,butyl(2-hydroxyethyl)dimethylammonium,BDHA,ammonium,10
cation,ammonium,ethanolammonium,HYTA,ammonium,10
cation,ammonium,pentyl(2-hydroxyethyl)dimethylammonium,NHDA,ammonium,10
cation,ammonium,propyl(2-hydroxyethyl)dimethylammonium,NHDP,ammonium,10
cation,ammonium,"N,N,N-trimethyl-1-butanaminium",BTLA,aminium,9
cation,ammonium,"N,N-dibutyl-N-methylbutanaminium",DMBA,aminium,9
cation,ammonium,(3-carboxypropyl)trimethylammonium,CLTA,ammonium,8
cation,ammonium,"N,N-diethyl-N-methylethanaminium",NDMT,aminium,8
cation,ammonium,"N-ethyl-N,N-dimethyl-N-butylammonium",NBDE,ammonium,8
cation,ammonium,bis(2-hydroxyethyl)ammonium,BHAM,ammonium,7
cation,ammonium,tetrapropylammonium,TPLM,ammonium,7
cation,ammonium,"N,N-dimethyl-N-(3-sulfopropyl)cyclohexanaminium",DNSC,aminium,6
cation,ammonium,bis(2-hydroxyethyl)dimethylammonium,BHDM,ammonium,6
cation,ammonium,cyanomethyl(dimethyl)isopropylammonium,CLIL,ammonium,6
cation,ammonium,ethyldimethyl-(2-methoxyethyl)ammonium,NDMA,ammonium,6
cation,ammonium,"N-ethyl-2-methoxy-N,N-dimethylethan-1-aminium",NDMA,aminium,4
cation,ammonium,2-hydroxypropanaminium,HOPA,aminium,3
cation,ammonium,2-methylbutylammonium,MTYA,ammonium,3
cation,ammonium,2-methylpropylammonium,MYPA,ammonium,3
cation,ammonium,"N,N,N-tributyloctan-1-aminium",NTNA,aminium,3
cation,ammonium,"N,N-diethyl-2-methoxy-N-methylethan-1-aminium",NMMA,aminium,3
cation,ammonium,N-ethyl-N-isopropylpropan-2-aminium,EDPA,aminium,3
cation,ammonium,ethyldiisopropylammonium,EDPA,ammonium,3
cation,ammonium,ethylheptyl-di-(1-methylethyl)ammonium,EDYM,ammonium,3
cation,ammonium,heptyltrimethylammonium,HTYA,ammonium,3
cation,ammonium,methanaminium,MTAM,aminium,3
cation,ammonium,pentylammonium,PEAM,ammonium,3
cation,ammonium,tributylheptylammonium,TBPA,ammonium,3
cation,ammonium,tributylhexylammonium,TBHA,ammonium,3
cation,ammonium,tributyloctylammonium,NTNA,ammonium,3
cation,ammonium,"N,N,N-trioctyl-N-methylammonium",MTYM,ammonium,2
cation,ammonium,decyldimethyl(4-vinylbenzyl)ammonium,DVBA,ammonium,2
cation,ammonium,"2-methoxy-N,N,N-trimethylethan-1-aminium",MNTA,aminium,1
cation,ammonium,"2-methoxy-N-ethyl-N,N-dimethylethan-1-aminium",NDMA,aminium,1
cation,ammonium,"N,N-diethyl-N-methylpropan-1-aminium",DMAM,aminium,1
cation,ammonium,hexyl(2-hydroxyethyl)dimethylammonium,HLDL,ammonium,1
cation,benzimidazolium,3-methyl-1-(4-sulfobutyl)benzimidazolium,MSBM,benzimidazolium,32
cation,benzimidazolium,1-butyl-1H-benzimidazolium,BHBU,benzimidazolium,18
cation,cholinium,choline,HNTA,choline,102
cation,imidazolium,1-butyl-3-methylimidazolium,BMIM,imidazolium,6784
cation,imidazolium,1-ethyl-3-methylimidazolium,EMIM,imidazolium,4377
cation,imidazolium,1-hexyl-3-methylimidazolium,HMIM,imidazolium,2251
cation,imidazolium,1-methyl-3-octylimidazolium,OMIM,imidazolium,1146
cation,imidazolium,1-methyl-3-propylimidazolium,PMIM,imidazolium,721
cation,imidazolium,1-octyl-3-methylimidazolium,OMIM,imidazolium,721
cation,imidazolium,1-decyl-3-methylimidazolium,DMIM,imidazolium,548
cation,imidazolium,1-ethyl-3-methyl-1H-imidazolium,EMIM,imidazolium,372
cation,imidazolium,1-methyl-3-pentylimidazolium,MPIM,imidazolium,334
cation,imidazolium,1-heptyl-3-methylimidazolium,HPIM,imidazolium,323
cation,imidazolium,1-butyl-3-methyl-1H-imidazol-3-ium,BMIM,imidazol-3-ium,310
cation,imidazolium,1-(2-hydroxyethyl)-3-methylimidazolium,HYMU,imidazolium,262
cation,imidazolium,"1,3-dimethylimidazolium",DLHM,imidazolium,227
cation,imidazolium,"1-butyl-2,3-dimethylimidazolium",BDHM,imidazolium,183
cation,imidazolium,3-ethyl-1-methylimidazolium,EMIM,imidazolium,177
cation,imidazolium,1-propyl-3-methylimidazolium,PMIM,imidazolium,176
cation,imidazolium,1-butyl-3-methyl-1H-imidazolium,BMIM,imidazolium,161
cation,imidazolium,1-nonyl-3-methylimidazolium,MNIM,imidazolium,154
cation,imidazolium,3-hexyl-1-methylimidazolium,HMIM,imidazolium,154
cation,imidazolium,1-dodecyl-3-methyl-1H-imidazolium,DOIM,imidazolium,132
cation,imidazolium,1-benzyl-3-methylimidazolium,BEMI,imidazolium,129
cation,imidazolium,1-ethyl-3-(2-methoxyethyl)imidazolium,MEHM,imidazolium,124
cation,imidazolium,1-tetradecyl-3-methylimidazolium,TMIM,imidazolium,124
cation,imidazolium,"1-butyl-2,3-dimethyl-1H-imidazolium",BDHM,imidazolium,123
cation,imidazolium,3-ethyl-1-methyl-1H-imidazolium,EMIM,imidazolium,123
cation,imidazolium,1-methylimidazolium,MEIM,imidazolium,121
cation,imidazolium,1-pentyl-3-methylimidazolium,MPIM,imidazolium,119
cation,imidazolium,1-methyl-3-nonylimidazolium,MNIM,imidazolium,109
cation,imidazolium,"1,2-dimethyl-3-propylimidazolium",DLPM,imidazolium,104
cation,imidazolium,1-methyl-3-pentyl-imidazolium,MPIM,imidazolium,92
cation,imidazolium,1-(4-methoxybutyl)-3-methylimidazolium,MHTM,imidazolium,88
cation,imidazolium,"1-ethyl-2,3-dimethylimidazolium",EDIM,imidazolium,86
cation,imidazolium,1-hexadecyl-3-methylimidazolium,HMHM,imidazolium,75
cation,imidazolium,3-hexadecyl-1-methyl-1H-imidazolium,HMHM,imidazolium,73
cation,imidazolium,"1-hexyl-2,3-dimethylimidazolium",HIMU,imidazolium,72
cation,imidazolium,3-(2-cyanoethyl)-1-hexyl-1H-imidazolium,CHIM,imidazolium,72
cation,imidazolium,3-butyl-1-methyl-1H-imidazolium,BMIM,imidazolium,71
cation,imidazolium,3-methyl-1-propyl-1H-imidazolium,PMIM,imidazolium,71
cation,imidazolium,1-hexyl-3-methyl-1H-imidazolium,HMIM,imidazolium,67
cation,imidazolium,1-dodecyl-3-methylimidazolium,DOIM,imidazolium,66
cation,imidazolium,"1,3-diethylimidazolium",DYIM,imidazolium,63
cation,imidazolium,1-(4-sulfobutyl)-3-methylimidazolium,MSFI,imidazolium,62
cation,imidazolium,1-butyl-3-isopentylimidazolium,BOIM,imidazolium,62
cation,imidazolium,1-butyl-3-pentylimidazolium,BNIM,imidazolium,62
cation,imidazolium,"3,3'-(butane-1,4-diyl)bis(1-methyl-1H-imidazol-3-ium)",BDBM,imidazol-3-ium,62
cation,imidazolium,1-cyclopentyl-3-butylimidazolium,CTIM,imidazolium,61
cation,imidazolium,3-(3-cyanopropyl)-1-methylimidazolium,CAMI,imidazolium,61
cation,imidazolium,1-butyl-3-(3-pentyl)imidazolium,BNTM,imidazolium,60
cation,imidazolium,1-(2-cyanoethyl)imidazolium,CYIM,imidazolium,58
cation,imidazolium,1-allyl-3-methylimidazolium,ATHM,imidazolium,58
cation,imidazolium,3-cyclopentyl-1-(2-(2-ethoxyethoxy)ethyl)imidazolium,CEEM,imidazolium,51
cation,imidazolium,1-methyl-3-octyl-1H-imidazol-3-ium,OMIM,imidazol-3-ium,50
cation,imidazolium,1-allyl-3-methyl-1H-imidazolium,ATHM,imidazolium,49
cation,imidazolium,1-butyl-3-ethylimidazolium,BHZM,imidazolium,47
cation,imidazolium,1-(2-(2-ethoxyethoxy)ethyl)-3-pentylimidazolium,EEPM,imidazolium,45
cation,imidazolium,3-(2-hydroxyethyl)-1-methyl-1H-imidazolium,HYMU,imidazolium,45
cation,imidazolium,1-methyl-3-octyl-1H-imidazolium,OMIM,imidazolium,44
cation,imidazolium,3-methyl-1-pentylimidazolium,MPIM,imidazolium,43
cation,imidazolium,1-(2-methoxyethyl)-3-methylimidazolium,MEMU,imidazolium,41
cation,imidazolium,1-ethyl-3-propylimidazolium,ELPM,imidazolium,41
cation,imidazolium,N-butylimidazolium,BLIM,imidazolium,41
cation,imidazolium,3-(2-cyanoethyl)-1-(2-ethoxyethyl)imidazolium,AYEI,imidazolium,40
cation,imidazolium,1-(2-azido-3-bromopropyl)-3-vinyl-3H-imidazol-1-ium,ABVI,imidazol-1-ium,39
cation,imidazolium,3-(2-cyanoethyl)-1-octyl-1H-imidazol-3-ium,COIM,imidazol-3-ium,39
cation,imidazolium,1-methyl-3-(3-(trimethylammonio)propyl)-1H-imidazolium,MTPM,imidazolium,37
cation,imidazolium,1-(2-ethoxyethyl)-3-methylimidazolium,ELIM,imidazolium,36
cation,imidazolium,1-tert-butyl-3-methylimidazolium,TBMM,imidazolium,36
cation,imidazolium,"1-[(1R,2S,5R)-(-)-menthoxymethyl]-3-methylimidazolium",RMMM,imidazolium,35
cation,imidazolium,"1-[(1R,2S,5R)-(-)-menthoxymethyl]-3-nonylimidazolium",RMNM,imidazolium,35
cation,imidazolium,"1-[(1R,2S,5R)-(-)-menthoxymethyl]-3-octylimidazolium",RMOM,imidazolium,35
cation,imidazolium,"1-[(1R,2S,5R)-(-)-menthoxymethyl]-3-pentylimidazolium",RMPM,imidazolium,35
cation,imidazolium,"1-[(1R,2S,5R)-(-)-menthoxymethyl]-3-propylimidazolium",RMLP,imidazolium,35
cation,imidazolium,"1-[(1R,2S,5R)-(-)-menthoxymethyl]-3-undecylimidazolium",RMUM,imidazolium,35
cation,imidazolium,1-ethylimidazolium,EHUM,imidazolium,35
cation,imidazolium,"3,3'-(1,5-pentanediyl)bis[1-methylimidazolium]",PBIM,imidazolium,35
cation,imidazolium,"3-butyl-1-[(1R,2S,5R)-(-)-menthoxymethyl]imidazolium",BRMM,imidazolium,35
cation,imidazolium,"3-decyl-1-[(1R,2S,5R)-(-)-menthoxymethyl]imidazolium",DRMM,imidazolium,35
cation,imidazolium,"3-dodecyl-1-[(1R,2S,5R)-(-)-menthoxymethyl]imidazolium",DRMB,imidazolium,35
cation,imidazolium,"3-ethyl-1-[(1R,2S,5R)-(-)-menthoxymethyl]imidazolium",ERMM,imidazolium,35
cation,imidazolium,"3-hexyl-1-[(1R,2S,5R)-(-)-menthoxymethyl]imidazolium",HRMM,imidazolium,35
cation,imidazolium,1-benzyl-3-methyl-1H-imidazolium,BEMI,imidazolium,34
cation,imidazolium,"1-methyl-3-(3,3,4,4,5,5,6,6,7,7,8,8,8-tridecafluorooctyl)imidazolium",MIDU,imidazolium,34
cation,imidazolium,3-(2-allyldimethylammonio)ethyl-1-methylimidazolium,AEIM,imidazolium,34
cation,imidazolium,1-(3-aminopropyl)-3-methyl-1H-imidazolium,AMIM,imidazolium,33
cation,imidazolium,1-isopropyl-3-methylimidazolium,IDYM,imidazolium,33
cation,imidazolium,1-methyl-3-(4-sulfobutyl)-imidazolium,MSFI,imidazolium,33
cation,imidazolium,3-(2-allyldimethylammonio)ethyl-1-vinylimidazolium,AEVI,imidazolium,32
cation,imidazolium,1-(2-methoxyethyl)-3-methyl-1H-imidazolium,MEMU,imidazolium,30
cation,imidazolium,1-(3-cyanopropyl)-3-methylimidazolium,CAMI,imidazolium,29
cation,imidazolium,3-(2-(butylamino)-2-oxoethyl)-1-ethyl-1H-imidazolium,BOEM,imidazolium,29
cation,imidazolium,3-butyl-1H-imidazol-3-ium,BLIM,imidazol-3-ium,29
cation,imidazolium,1-butyronitrile-3-methylimidazolium,CAMI,imidazolium,27
cation,imidazolium,1-decyl-3-methyl-1H-imidazolium,DMIM,imidazolium,27
cation,imidazolium,1-(2-aminoethyl)-3-methyl-1H-imidazolium,AMHI,imidazolium,26
cation,imidazolium,1-butyl-3-(2-cyanoethyl)-1H-imidazolium,BCYM,imidazolium,26
cation,imidazolium,1-methyl-3-(1-methylethyl)imidazolium,IDYM,imidazolium,26
cation,imidazolium,3-(2-aminoethyl)-1-methyl-1H-imidazolium,AMHI,imidazolium,26
cation,imidazolium,3-(2-cyanoethyl)-1-decylimidazolium,CLDM,imidazolium,26
cation,imidazolium,3-(2-cyanoethyl)-1-octylimidazolium,COIM,imidazolium,26
cation,imidazolium,3-(3-aminopropyl)-1-methyl-1H-imidazolium,AMIM,imidazolium,26
cation,imidazolium,1-isobutyl-3-methylimidazolium,ILMM,imidazolium,25
cation,imidazolium,3-dodecyl-1H-imidazol-3-ium,DHOM,imidazol-3-ium,25
cation,imidazolium,3-hexyl-1H-imidazol-3-ium,XHIM,imidazol-3-ium,25
cation,imidazolium,3-octyl-1H-imidazol-3-ium,OHIM,imidazol-3-ium,25
cation,imidazolium,1-methyl-3-octadecylimidazolium,MOLI,imidazolium,24
cation,imidazolium,"2,3-dimethyl-1-pentylimidazolium",IMPM,imidazolium,24
cation,imidazolium,"2,3-dimethyl-1-propylimidazolium",DLPM,imidazolium,24
cation,imidazolium,"3,3'-(butane-1,4-diyl)bis(1-methyl-1H-imidazolium)",BDBM,imidazolium,24
cation,imidazolium,3-decyl-1H-imidazol-3-ium,DHIM,imidazol-3-ium,24
cation,imidazolium,1-ethyl-1H-imidazolium,EHUM,imidazolium,23
cation,imidazolium,"1,2-dimethyl-3-pentylimidazolium",IMPM,imidazolium,22
cation,imidazolium,1-(2-(2-methoxyethoxy)ethyl)-3-methyl-1H-imidazol-3-ium,METI,imidazol-3-ium,22
cation,imidazolium,1-(2-methoxyethyl)-3-methyl-1H-imidazol-3-ium,MEMU,imidazol-3-ium,22
cation,imidazolium,"3,3'-(1,4-butanediyl)bis[1-methylimidazolium]",BDBM,imidazolium,22
cation,imidazolium,"1,3-dibutyl-1H-imidazolium",DBIM,imidazolium,21
cation,imidazolium,1-(2-(2-methoxyethoxy)ethyl)-3-methylimidazolium,METI,imidazolium,20
cation,imidazolium,3-(2-hydroxyethyl)-1-methylimidazolium,HYMU,imidazolium,20
cation,imidazolium,3-butyl-1-(2-cyanoethyl)-imidazolium,BCYM,imidazolium,20
cation,imidazolium,1-(6-hydroxyhexyl)imidazolium,HXIM,imidazolium,19
cation,imidazolium,1-butyl-3-(6-hydroxyhexyl)-1H-imidazolium,BHLM,imidazolium,19
cation,imidazolium,1-ethyl-3-(6-hydroxyhexyl)-1H-imidazolium,EDXM,imidazolium,19
cation,imidazolium,1-ethyl-3-pentylimidazolium,EPLM,imidazolium,19
cation,imidazolium,3-(6-hydroxyhexyl)-1-methylimidazolium,DXMU,imidazolium,19
cation,imidazolium,"1,3-dinonyl-1H-imidazol-3-ium",DNHM,imidazol-3-ium,18
cation,imidazolium,1-(methoxymethyl)-3-methylimidazolium,MLTU,imidazolium,18
cation,imidazolium,1-benzyl-3-butylimidazolium,BYTM,imidazolium,18
cation,imidazolium,1-butyl-2-phenylimidazolium,BHIM,imidazolium,18
cation,imidazolium,1-ethyl-3-methyl-1H-imidazol-3-ium,EMIM,imidazol-3-ium,18
cation,imidazolium,1-methyl-3-(2-propoxyethyl)imidazolium,MORM,imidazolium,18
cation,imidazolium,3-(3-methoxypropyl)-1-methylimidazolium,TPMU,imidazolium,18
cation,imidazolium,3-(ethoxymethyl)-1-methylimidazolium,EHMI,imidazolium,18
cation,imidazolium,3-methyl-1-propyl-1H-imidazol-3-ium,PMIM,imidazol-3-ium,18
cation,imidazolium,1-(cyclohexylmethyl)-3-methyl-1H-imidazol-3-ium,CMHM,imidazol-3-ium,17
cation,imidazolium,"1-but-1-enyl-2,3-dimethylimidazolium",BEDM,imidazolium,17
cation,imidazolium,3-decyl-1-methylimidazolium,DMIM,imidazolium,17
cation,imidazolium,3-methyl-1-octadecyl-1H-imidazolium,MOLI,imidazolium,17
cation,imidazolium,1-butylimidazolium,BLIM,imidazolium,16
cation,imidazolium,3-(2-hydroxyethyl)-1-methyl-1H-imidazol-3-ium,HYMU,imidazol-3-ium,16
cation,imidazolium,3-(cyanomethyl)-1-methyl-1H-imidazol-3-ium,CMIM,imidazol-3-ium,16
cation,imidazolium,3-butyl-1-methylimidazolium,BMIM,imidazolium,16
cation,imidazolium,1-(2-chloroethyl)-3-methylimidazolium,CLIM,imidazolium,15
cation,imidazolium,1-(3-aminopropyl)-3-methylimidazolium,AMIM,imidazolium,15
cation,imidazolium,1-(3-hydroxypropyl)-3-methylimidazolium,HLMM,imidazolium,15
cation,imidazolium,1-(4-methoxy-4-oxobutyl)-3-methylimidazolium,MOMM,imidazolium,15
cation,imidazolium,"3-(3-cyanopropyl)-1,2-dimethylimidazolium",CADM,imidazolium,15
cation,imidazolium,1-methyl-3-(2-phenylethyl)-1H-imidazolium,MPEI,imidazolium,14
cation,imidazolium,1-(2-cyanoethyl)-3-(2-hydroxyethyl)-1H-imidazolium,HILP,imidazolium,13
cation,imidazolium,1-(2-cyanoethyl)-3-hexyl-1H-imidazol-3-ium,CHIM,imidazol-3-ium,13
cation,imidazolium,1-butyl-3-(2-cyanoethyl)-1H-imidazol-3-ium,BCYM,imidazol-3-ium,13
cation,imidazolium,3-(2-cyanoethyl)-1-hexyl-1H-imidazol-3-ium,CHIM,imidazol-3-ium,13
cation,imidazolium,3-(2-cyanoethyl)-1-octyl-1H-imidazolium,COIM,imidazolium,13
cation,imidazolium,3-(3-allyl-1H-imidazol-3-ium-1-yl)propanenitrile,AHIP,imidazol-3-ium,13
cation,imidazolium,3-(3-benzyl-1H-imidazol-3-ium-1-yl)propanenitrile,CPIM,imidazol-3-ium,13
cation,imidazolium,3-[3-(2-hydroxyethyl)-1H-imidazol-3-ium-1-yl]propanenitrile,HILP,imidazol-3-ium,13
cation,imidazolium,3-allyl-1-(2-cyanoethyl)-1H-imidazolium,AHIP,imidazolium,13
cation,imidazolium,3-butyl-1-(2-cyanoethyl)-1H-imidazol-3-ium,BCYM,imidazol-3-ium,13
cation,imidazolium,1-(2-cyanoethyl)-3-(phenylmethyl)-1H-imidazolium,CPIM,imidazolium,12
cation,imidazolium,1-oleyl-3-methylimidazolium,MOHM,imidazolium,12
cation,imidazolium,1-isobutenyl-3-methylimidazolium,ILTM,imidazolium,11
cation,imidazolium,"1-methyl-3-(3,3,4,4,4-pentafluorobutyl)imidazolium",MPHM,imidazolium,11
cation,imidazolium,"1-methyl-3-(9Z,12Z)-9,12-octadecadien-1-yl-1H-imidazolium",MODI,imidazolium,11
cation,imidazolium,1-methyl-3-(trimethylsilylmethyl)imidazolium,MTIM,imidazolium,11
cation,imidazolium,3-methyl-1-octylimidazolium,OMIM,imidazolium,11
cation,imidazolium,"1,3-dibenzyl-1H-imidazol-3-ium",DHIM,imidazol-3-ium,10
cation,imidazolium,1-(3-methylbutyl)-3-methylimidazolium,MTTM,imidazolium,10
cation,imidazolium,1-(4-cyanobutyl)-3-methylimidazolium,CNTM,imidazolium,10
cation,imidazolium,1-(4-methylpentyl)-3-methylimidazolium,MHTU,imidazolium,10
cation,imidazolium,1-[(4-methylphenyl)methyl]-3-butylimidazolium,MHMU,imidazolium,10
cation,imidazolium,1-[(4-methylphenyl)methyl]-3-decylimidazolium,MHCM,imidazolium,10
cation,imidazolium,1-[(4-methylphenyl)methyl]-3-ethylimidazolium,MPEM,imidazolium,10
cation,imidazolium,1-[(4-methylphenyl)methyl]-3-hexylimidazolium,MLXM,imidazolium,10
cation,imidazolium,1-[(4-methylphenyl)methyl]-3-octylimidazolium,HMOM,imidazolium,10
cation,imidazolium,3-(2-cyanoethyl)-1-decyl-1H-imidazolium,CLDM,imidazolium,10
cation,imidazolium,3-methyl-1-(naphthalen-2-ylmethyl)-1H-imidazol-3-ium,MHIM,imidazol-3-ium,10
cation,imidazolium,"1,3-dibutylimidazolium",DBIM,imidazolium,9
cation,imidazolium,"1,3-didodecylimidazolium",DOEM,imidazolium,9
cation,imidazolium,1-(2-methoxyethyl)-3-methyl-imidazolium,MEMU,imidazolium,9
cation,imidazolium,1-decyl-3-ethenylimidazolium,DEEM,imidazolium,9
cation,imidazolium,1-ethenyl-3-octylimidazolium,EOUM,imidazolium,9
cation,imidazolium,1-propanenitrile-3-butylimidazolium,BCYM,imidazolium,9
cation,imidazolium,3-(1-ethoxy-1-oxopropan-2-yl)-1-vinyl-1H-imidazol-3-ium,EVLM,imidazol-3-ium,9
cation,imidazolium,3-butyl-1-ethyl-1H-imidazolium,BHZM,imidazolium,9
cation,imidazolium,3-ethyl-1-methyl-1H-imidazol-3-ium,EMIM,imidazol-3-ium,9
cation,imidazolium,3-hexyl-1-vinyl-1H-imidazol-3-ium,HVLM,imidazol-3-ium,9
cation,imidazolium,"1,3-diethyl-1H-imidazol-3-ium",DYIM,imidazol-3-ium,8
cation,imidazolium,1-(2-hydroxyethyl)-3-methyl-1H-imidazolium,HYMU,imidazolium,8
cation,imidazolium,1-butoxy-3-butylimidazolium,BXTM,imidazolium,8
cation,imidazolium,1-undecyl-3-methylimidazolium,UMIM,imidazolium,8
cation,imidazolium,1H-imidazolium,HILM,imidazolium,8
cation,imidazolium,"2-chloro-1,3-dimethylimidazolium",CDLM,imidazolium,8
cation,imidazolium,3-(2-amino-2-oxoethyl)-1-vinylimidazolium,AOVM,imidazolium,8
cation,imidazolium,3-ethyl-1-octyloxymethylimidazolium,EOLM,imidazolium,8
cation,imidazolium,"1,3-diethyl-1H-imidazolium",DYIM,imidazolium,7
cation,imidazolium,1-(2-diethylaminoethyl)3-methylimidazolium,DLMM,imidazolium,7
cation,imidazolium,1-(5-methylhexyl)-3-methylimidazolium,MYTM,imidazolium,7
cation,imidazolium,1-butyl-3-(2-(2-ethoxyethoxy)ethyl)imidazolium,BEEM,imidazolium,7
cation,imidazolium,1-butyl-3-(2-methoxyethyl)imidazolium,BMMM,imidazolium,7
cation,imidazolium,1-butyl-3-dodecyl-1H-imidazolium,BDHI,imidazolium,7
cation,imidazolium,1-butyl-3-hexyl-1H-imidazolium,BHHI,imidazolium,7
cation,imidazolium,1-butyl-3-octyl-1H-imidazolium,BOHI,imidazolium,7
cation,imidazolium,1-butyl-3-vinyl-1H-imidazol-3-ium,BVLM,imidazol-3-ium,7
cation,imidazolium,1-ethenyl-3-pentylimidazolium,EPUM,imidazolium,7
cation,imidazolium,1-ethyl-3-hexyl-1H-imidazolium,EXIM,imidazolium,7
cation,imidazolium,1-ethyl-3-octyl-1H-imidazolium,EOIM,imidazolium,7
cation,imidazolium,3-dodecyl-1-ethyl-1H-imidazolium,DEHI,imidazolium,7
cation,imidazolium,"1,3-dihexyloxymethylimidazolium",DLLM,imidazolium,6
cation,imidazolium,"1,3-dimethyl-1H-imidazolium",DLHM,imidazolium,6
cation,imidazolium,1-(3-carboxypropyl)-3-methyl-imidazolium,CLMM,imidazolium,6
cation,imidazolium,1-allyl-3-methylimizodalium,ATHM,imizodalium,6
cation,imidazolium,1-hexyloxymethyl-3-methylimidazolium,HLLM,imidazolium,6
cation,imidazolium,2-(ethoxymethyl)-1-ethyl-3-methylimidazolium,ETIM,imidazolium,6
cation,imidazolium,"3,3'-(1,10-decanediyl)bis[1-methylimidazolium]",DLBM,imidazolium,6
cation,imidazolium,3-(3-hydroxypropyl)-1-methyl-1H-imidazolium,HLMM,imidazolium,6
cation,imidazolium,"1-octyl-2,3-dimethylimidazolium",DOHI,imidazolium,5
cation,imidazolium,"2,3-dimethyl-1-octyl-1H-imidazolium",DOHI,imidazolium,5
cation,imidazolium,"3-hexyl-1-methyl-2,3-dihydro-1H-imidazol-1-ium",HMLM,imidazol-1-ium,5
cation,imidazolium,1-(2-cyanoethyl)-3[2-(2-methoxyethoxy)ethyl]imidazolium,CMEM,imidazolium,4
cation,imidazolium,1-methyl-3-(3-phenylpropyl)-1H-imidazolium,MPPM,imidazolium,4
cation,imidazolium,"3,3'-(1,12-dodecanediyl)bis[1-methylimidazolium]",DDBM,imidazolium,4
cation,imidazolium,"3,3'-(1,6-hexanediyl)bis[1-methylimidazolium]",HLBM,imidazolium,4
cation,imidazolium,"1-methyl-3-(2,2,2-trifluoroethyl)imidazolium",MIRM,imidazolium,3
cation,imidazolium,"1-methyl-3-(3,3,4,4,5,5,6,6,6-nonafluorohexyl)-1H-imidazolium",MNHU,imidazolium,3
cation,imidazolium,1-methyl-3-propyl-1H-imidazolium,PMIM,imidazolium,3
cation,imidazolium,"1,1'-(dodecane-1,12-diyl)bis(3-methyl-1H-imidazolium)",DDBM,imidazolium,2
cation,imidazolium,"1,2-dimethyl-3-(4'-vinylbenzyl)imidazolium",DVIM,imidazolium,2
cation,imidazolium,1-allyl-3-vinylimidazolium,AVNM,imidazolium,2
cation,imidazolium,1-butyl-3-ethyl-1H-imidazol-3-ium,BHZM,imidazol-3-ium,2
cation,imidazolium,"1-butyronitrile-2,3-dimethylimidazolium",CADM,imidazolium,2
cation,imidazolium,1-decyl-3-ethylimidazolium,DEIM,imidazolium,2
cation,imidazolium,1-ethyl-3-hexylimidazolium,EXIM,imidazolium,2
cation,imidazolium,1-ethyl-3-octylimidazolium,EOIM,imidazolium,2
cation,imidazolium,"3,3'-(1,8-octanediyl)bis[1-methylimidazolium]",OLBM,imidazolium,2
cation,imidazolium,3-decyl-1-methyl-1H-imidazolium,DMIM,imidazolium,2
cation,imidazolium,"3-ethyl-1,5-dimethylimidazolium",ELDM,imidazolium,2
cation,imidazolium,(R)-1-(1-phenylethyl)-3-butylimidazolium,RPBZ,imidazolium,1
cation,imidazolium,(R)-1-(1-phenylethyl)-3-hexylimidazolium,RPHZ,imidazolium,1
cation,imidazolium,(R)-1-(1-phenylethyl)-3-pentylimidazolium,RPLZ,imidazolium,1
cation,imidazolium,(R)-1-(1-phenylethyl)-3-propylimidazolium,RPPD,imidazolium,1
cation,imidazolium,"1,1'-(butane-1,4-diyl)bis(3-methyl-1H-imidazol-3-ium)",BDBM,imidazol-3-ium,1
cation,imidazolium,"1,1'-(butane-1,4-diyl)bis(3-methylimidazolium)",BDBM,imidazolium,1
cation,imidazolium,"1,3-diethyl-4-methylimidazolium",DMLM,imidazolium,1
cation,imidazolium,"1,3-disulfoimidazolium",DLFM,imidazolium,1
cation,imidazolium,1-(2-(2-ethoxyethoxy)ethyl)-3-isopentylimidazolium,EEPM,imidazolium,1
cation,imidazolium,1-(2-cyanoethyl)-3-methylimidazolium,CLLM,imidazolium,1
cation,imidazolium,1-(2-ethoxy-2-oxoethyl)-3-methylimidazolium,EOMM,imidazolium,1
cation,imidazolium,"1-(2-hydroxyethyl)-2,3-dimethylimidazolium",HLDM,imidazolium,1
cation,imidazolium,1-[2-(ethylsulfonyl)ethyl]-3-methyl-1H-imidazol-3-ium,EEMM,imidazol-3-ium,1
cation,imidazolium,1-allyl-3-methyl-1H-imidazol-3-ium,ATHM,imidazol-3-ium,1
cation,imidazolium,1-butyl-3-(3-sulfopropyl)-imidazolium,BLPM,imidazolium,1
cation,imidazolium,1-butyl-3-(3-sulfopropyl)imidazolium,BLPM,imidazolium,1
cation,imidazolium,1-butyl-3-(4-sulfobutyl)-imidazolium,BSBM,imidazolium,1
cation,imidazolium,1-dodecyl-3-ethylimidazolium,DEHI,imidazolium,1
cation,imidazolium,"1-ethyl-3,4-dimethylimidazolium",EDLM,imidazolium,1
cation,imidazolium,1-hexyl-3-ethylimidazolium,EXIM,imidazolium,1
cation,imidazolium,"1-methyl-3-(3,3,4,4,4-pentafluorobutyl)-1H-imidazolium",MPHM,imidazolium,1
cation,imidazolium,1-methyl-3-(3-sulfopropyl)-imidazolium,MSIM,imidazolium,1
cation,imidazolium,1-methyl-3-(3-sulfopropyl)imidazolium,MSIM,imidazolium,1
cation,imidazolium,1-methyl-3-hexylimidazolium,HMIM,imidazolium,1
cation,imidazolium,"2-butyl-1,3-disulfoimidazolium",BLDM,imidazolium,1
cation,imidazolium,"2-ethyl-1,3-disulfoimidazolium",EDDM,imidazolium,1
cation,imidazolium,"2-methyl-1,3-disulfoimidazolium",MLDM,imidazolium,1
cation,phosphonium,trihexyl(tetradecyl)phosphonium,TTLH,phosphonium,742
cation,phosphonium,trihexyltetradecylphosphonium,TTLH,phosphonium,334
cation,phosphonium,tetradecyl(trihexyl)phosphonium,TTLH,phosphonium,190
cation,phosphonium,tetrabutylphosphonium,TBSM,phosphonium,115
cation,phosphonium,triethyloctylphosphonium,TOSN,phosphonium,113
cation,phosphonium,tributyl(octyl)phosphonium,TOPN,phosphonium,91
cation,phosphonium,Tributylmethylphosphonium,TMPH,phosphonium,82
cation,phosphonium,triethyl(pentyl)phosphonium,TPPH,phosphonium,66
cation,phosphonium,tributylethylphosphonium,TEPO,phosphonium,65
cation,phosphonium,tetradecyltrihexylphosphonium,TTLH,phosphonium,60
cation,phosphonium,triethyl((2-methoxyethoxy)methyl)phosphonium,TMLH,phosphonium,53
cation,phosphonium,tributyloctylphosphonium,TOPN,phosphonium,50
cation,phosphonium,triethyl(octyl)phosphonium,TOSN,phosphonium,42
cation,phosphonium,"tributyl(3,3,4,4,5,5,6,6,7,7,8,8,8-tridecafluorooctyl)phosphonium",TTPO,phosphonium,41
cation,phosphonium,triisobutylmethylphosphonium,TBMP,phosphonium,41
cation,phosphonium,butyltriethylphosphonium,BTPH,phosphonium,34
cation,phosphonium,trioctylphosphonium,TTPM,phosphonium,32
cation,phosphonium,(3-aminopropyl)tributylphosphonium,ATPM,phosphonium,30
cation,phosphonium,triethyl(2-methoxyethyl)phosphonium,TMLP,phosphonium,30
cation,phosphonium,tetraoctylphosphonium,TLPM,phosphonium,27
cation,phosphonium,tributyltetradecylphosphonium,TESM,phosphonium,19
cation,phosphonium,decyltriethylphosphonium,DTPS,phosphonium,17
cation,phosphonium,tributyl(2-methoxyethyl)phosphonium,TMPM,phosphonium,17
cation,phosphonium,tributyl(dodecyl)phosphonium,TDPM,phosphonium,17
cation,phosphonium,triethylheptylphosphonium,THSP,phosphonium,17
cation,phosphonium,triethylnonylphosphonium,TLHO,phosphonium,17
cation,phosphonium,tributyl(tetradecyl)phosphonium,TESM,phosphonium,15
cation,phosphonium,tributyl(ethyl)phosphonium,TEPO,phosphonium,12
cation,phosphonium,tributyl(methoxymethyl)phosphonium,TMPP,phosphonium,8
cation,phosphonium,trihexyl(isobutyl)phosphonium,TIPH,phosphonium,8
cation,phosphonium,tributyl(2-(ethylthio)ethyl)phosphonium,TBES,phosphonium,6
cation,phosphonium,(buten-1-yl)triethylphosphonium,BYTS,phosphonium,5
cation,phosphonium,tributyl((methylthio)methyl)phosphonium,TLOP,phosphonium,5
cation,phosphonium,tributyl(octadecyl)phosphonium,TOSM,phosphonium,5
cation,phosphonium,triethyl(2-(ethylthio)ethyl)phosphonium,TEEP,phosphonium,4
cation,phosphonium,tributyl(2-(methylthio)ethyl)phosphonium,TOLM,phosphonium,3
cation,phosphonium,triethyl((methylthio)methyl)phosphonium,TMMP,phosphonium,3
cation,phosphonium,triethyl(2-(methylthio)ethyl)phosphonium,TMEP,phosphonium,3
cation,phosphonium,(ethoxymethyl)triethylphosphonium,ETPH,phosphonium,2
cation,phosphonium,(cyanomethyl)triphenylphosphonium,CTPM,phosphonium,1
cation,phosphonium,(methoxymethyl)triphenylphosphonium,MTLM,phosphonium,1
cation,phosphonium,benzyltriphenylphosphonium,BYPM,phosphonium,1
cation,phosphonium,tetraphenylphosphonium,TTNM,phosphonium,1
cation,phosphonium,tributyl(hexadecyl)phosphonium,TPUM,phosphonium,1
cation,phosphonium,tributyldodecylphosphonium,TDPM,phosphonium,1
cation,phosphonium,trihexyl(tetradecyl)-phosphonium,TTLH,phosphonium,1
cation,pyridinium,1-butylpyridinium,BLPU,pyridinium,516
cation,pyridinium,1-butyl-3-methylpyridinium,BMPU,pyridinium,462
cation,pyridinium,1-butyl-4-methylpyridinium,BYPD,pyridinium,333
cation,pyridinium,1-hexylpyridinium,HYPU,pyridinium,235
cation,pyridinium,1-propylpyridinium,PLDM,pyridinium,173
cation,pyridinium,1-ethyl-3-methylpyridinium,EMYM,pyridinium,155
cation,pyridinium,2-methyl-1-propylpyridinium,EYPU,pyridinium,151
cation,pyridinium,1-ethylpyridinium,ELPM,pyridinium,149
cation,pyridinium,3-methyl-1-propylpyridinium,TPYM,pyridinium,145
cation,pyridinium,1-butyl-2-methylpyridinium,BEYU,pyridinium,115
cation,pyridinium,1-pentylpyridinium,PYDM,pyridinium,115
cation,pyridinium,1-octylpyridinium,OLPM,pyridinium,114
cation,pyridinium,4-methyl-1-propylpyridinium,MPLM,pyridinium,93
cation,pyridinium,1-ethyl-4-methylpyridinium,EHPM,pyridinium,82
cation,pyridinium,"n-butyl-4-(n',n'-dimethylammonium)pyridinium",NBDP,pyridinium,79
cation,pyridinium,4-(dimethylamino)-1-hexyl-pyridinium,DLHP,pyridinium,77
cation,pyridinium,1-(2-methoxyethyl)pyridinium,MTPU,pyridinium,66
cation,pyridinium,1-ethyl-2-methylpyridinium,EEPM,pyridinium,66
cation,pyridinium,"n-ethyl-4-(n',n'-dimethylammonium)pyridinium",EDMM,pyridinium,61
cation,pyridinium,N-octyl-3-methylpyridinium,OTPM,pyridinium,60
cation,pyridinium,1-(3-hydroxypropyl)pyridinium,HLPM,pyridinium,56
cation,pyridinium,1-hexyl-3-methylpyridinium,HTPU,pyridinium,43
cation,pyridinium,2-methylpyridinium,EYDM,pyridinium,37
cation,pyridinium,N-butyl-3-methylpyridinium,BMPU,pyridinium,31
cation,pyridinium,N-butyronitrilepyridinium,NBEM,pyridinium,27
cation,pyridinium,1-(2-hydroxyethyl)pyridinium,HXPM,pyridinium,26
cation,pyridinium,"3,5-dimethyl-1-octylpyridinium",MTOP,pyridinium,26
cation,pyridinium,"1-butyl-2,3-dimethylpyridinium",BIMU,pyridinium,24
cation,pyridinium,"1-butyl-3,5-dimethylpyridinium",BMTP,pyridinium,24
cation,pyridinium,1-amylpyridinium,PYDM,pyridinium,22
cation,pyridinium,1-butyl-3-cyanopyridinium,BAPM,pyridinium,21
cation,pyridinium,1-hexyl-4-cyanopyridinium,HNPM,pyridinium,21
cation,pyridinium,1-isobutyl-3-methylpyridinium,ITPM,pyridinium,21
cation,pyridinium,"2,3-dimethyl-1-octylpyridinium",IMOP,pyridinium,20
cation,pyridinium,3-cyano-1-hexylpyridinium,AHPM,pyridinium,20
cation,pyridinium,3-cyano-1-octylpyridinium,AOPM,pyridinium,20
cation,pyridinium,1-(2-ethoxyethyl)pyridinium,ETPM,pyridinium,18
cation,pyridinium,1-(2-propoxyethyl)pyridinium,PRPM,pyridinium,18
cation,pyridinium,1-(3-methoxypropyl)pyridinium,MTDM,pyridinium,18
cation,pyridinium,1-(ethoxymethyl)pyridinium,EXUM,pyridinium,18
cation,pyridinium,1-(methoxymethyl)pyridinium,MXLM,pyridinium,18
cation,pyridinium,"1-hexyl-2-ethyl-3,5-dimethylpyridinium",HTMT,pyridinium,18
cation,pyridinium,2-(2-hydroxyethyl)pyridinium,HTPM,pyridinium,18
cation,pyridinium,1-hexyl-4-methylpyridinium,HHPM,pyridinium,17
cation,pyridinium,1-methylpyridinium,MLYM,pyridinium,16
cation,pyridinium,N-butylpyridinium,BLPU,pyridinium,16
cation,pyridinium,"1,2-diethylpyridin-1-ium",DIPM,pyridin-1-ium,15
cation,pyridinium,"1,2-diethylpyridinium",DIPM,pyridinium,15
cation,pyridinium,N-(3-hydroxypropyl)pyridinium,HLPM,pyridinium,15
cation,pyridinium,1-(2-(2-(2-methoxyethoxy)ethoxy)ethyl)pyridinium,MTTY,pyridinium,13
cation,pyridinium,1-(2-(2-methoxyethoxy)ethyl)pyridinium,MEUM,pyridinium,13
cation,pyridinium,1-(2-hydroxyethyl)-pyridinium,HXPM,pyridinium,13
cation,pyridinium,1-decylpyridinium,DYPM,pyridinium,13
cation,pyridinium,1-dodecylpyridinium,DOYU,pyridinium,13
cation,pyridinium,1-heptylpyridinium,HTDM,pyridinium,13
cation,pyridinium,1-(2-ethoxy-2-oxoethyl)-pyridinium,ETXP,pyridinium,12
cation,pyridinium,1-hexyl-3-methyl-4-(dimethylamino)pyridinium,HTEP,pyridinium,12
cation,pyridinium,pyridinium,PRDM,pyridinium,12
cation,pyridinium,"1,3-dimethylpyridinium",DMPM,pyridinium,11
cation,pyridinium,1-(3-(trimethylammonio)propyl)pyridinium,TIPP,pyridinium,11
cation,pyridinium,1-(cyclohexylmethyl)pyridinium,CLPM,pyridinium,11
cation,pyridinium,2-(5-chloro-2-((1-propylpyridinium-2-yl)oxy)pyridinium-1-yl)ethylsulfate,CPPE,pyridinium,11
cation,pyridinium,2-ethyl-1-methylpyridinium,TMYU,pyridinium,11
cation,pyridinium,"1-butyl-3,5-dimethyl-2-pentylpyridinium",BMEP,pyridinium,10
cation,pyridinium,"1-ethyl-3,5-dimethyl-2-pentylpyridinium",EDLM,pyridinium,10
cation,pyridinium,"1-hexyl-2,3,5-trimethylpyridinium",HRIE,pyridinium,10
cation,pyridinium,"1-hexyl-3,5-dimethyl-2-pentylpyridinium",HMEE,pyridinium,10
cation,pyridinium,1-methyl-3-propylpyridinium,MOPM,pyridinium,10
cation,pyridinium,1-(cyanomethyl)pyridin-1-ium,CLPI,pyridin-1-ium,9
cation,pyridinium,1-butyl-4-cyanopyridinium,BNPM,pyridinium,9
cation,pyridinium,"1-hexyl-3,5-dimethylpyridinium",HMTY,pyridinium,9
cation,pyridinium,3-(ethoxycarbonyl)-1-ethylpyridinium,HCEM,pyridinium,9
cation,pyridinium,1-hexyl-4-(4-methyl-1-piperidinyl)pyridinium,HHEP,pyridinium,8
cation,pyridinium,1-octyl-3-methylpydridinium,OTPM,pydridinium,8
cation,pyridinium,"3,5-diethyl-1-hexyl-2-propylpyridinium",EHHR,pyridinium,8
cation,pyridinium,N-benzylpyridinium,NBLM,pyridinium,8
cation,pyridinium,1-octyl-4-(dimethylamino)pyridinium,ODPM,pyridinium,7
cation,pyridinium,2-(hydroxymethyl)pyridinium,HOPM,pyridinium,6
cation,pyridinium,2-hydroxypyridinium,HXNM,pyridinium,6
cation,pyridinium,4-(hydroxymethyl)pyridinium,HMPM,pyridinium,6
cation,pyridinium,4-hydroxypyridinium,HYUM,pyridinium,6
cation,pyridinium,4-methyl-1-octylpyridinium,MOLM,pyridinium,2
cation,pyridinium,N-octylpyridinium,OLPM,pyridinium,2
cation,pyridinium,"1-butyl-2,3,5-trimethylpyridinium",BTLM,pyridinium,1
cation,pyridinium,1-butyl-5-ethyl-2-methylpyridinium,BEMM,pyridinium,1
cation,pyridinium,"1-hexyl-2,4-dimethylpyridinium",HDLM,pyridinium,1
cation,pyridinium,"2,3,5-trimethyl-1-octylpyridinium",TLOM,pyridinium,1
cation,pyridinium,"2,4,6-trimethylpyridinium",TTLM,pyridinium,1
cation,pyridinium,5-ethyl-2-methyl-1-octylpyridinium,EMOM,pyridinium,1
